,PC1,PC2,PC3,PC4,PC5,PC6,PC7,PC8,PC9,PC10,target
F1817,0.442699333938433,0.81496202946499,0.448325418770282,0.481950559200536,0.867325367387689,0.472610753793325,0.490594017866937,0.414369056988092,0.338347166734911,0.119051404450754,1.28414233830919
F1594,0.0910817540390071,0.45705631513689,0.465156090845037,0.393776255033925,0.651124164079566,0.566256882151239,0.475085875526529,0.652174441353273,0.324283498707819,0.373761548865461,-1.19594041744461
F2744,0.273495600674892,0.802941263858149,0.442640754647457,0.494647756838321,0.633293494603252,0.537111646237471,0.679665100996141,0.365615620018696,0.737258574133382,0.273499901350214,0.805526404988656
F1789,0.243903418597444,0.433619165201163,0.668563004285628,0.547760203889412,0.568330486885373,0.620591324382295,0.463245382472395,0.541534981026043,0.700380970430466,0.479922145174058,0.625636622432599
F2095,0.310480011581072,0.528255784624446,0.690450369442993,0.546891989392522,0.481242170140941,0.663998687226744,0.450655517021189,0.443635998014533,0.583184232255602,0.625329803461645,-0.658921336071732
F618,0.479261725714885,0.461163300256508,0.662113847332753,0.489260491771394,0.448475290318067,0.519854820435731,0.420026339669117,0.587497035140976,0.606015129417041,0.355212121068453,0.3205697685706
F1527,0.240644750915257,0.911273060294652,0.583555982242002,0.298158001718443,0.448924174272409,0.536461367142678,0.197563667056665,0.239379628103533,0.489854165701247,0.778697089511958,1.56871131138138
F2041,0.21221872521803,0.551107788302041,0.710467009085353,0.560494114769357,0.607705304144132,0.475433704307916,0.486470838076531,0.48003207118194,0.651234386107132,0.497842901640652,0.909163053879458
F1261,0.225872330532128,0.510880989342179,0.509582349930436,0.555749692592315,0.721531058017182,0.430411927453408,0.509403863187444,0.472739114922669,0.641741806089832,0.397479941827441,0.719029005402815
F2466,0.283649896893246,0.464017083368043,0.695072072322346,0.45446646345124,0.648247717869795,0.559097669326926,0.348276841408626,0.542273332926472,0.601743990383058,0.340890805761432,-0.169587706455358
F1988,0.169643812696229,0.337067468694058,0.501480486996007,0.567870436931426,0.628616416375262,0.520465253118915,0.530144874526374,0.569324427615126,0.56263668134058,0.448707278815864,-0.232654952998279
F424,0.345187312772448,0.660116117823747,0.639840770369809,0.496378530911246,0.465629935856793,0.522449098315847,0.472181272360702,0.532326768842817,0.690437563025351,0.389751822744854,0.565571139403596
F388,0.251858293396573,0.814485280848385,0.416697527349248,0.426662955248906,0.255101237939305,0.183792915258342,0.733802176483414,0.396325230986187,0.762939165187872,0.356762499245831,-0.324826942706597
F1067,0.207564841654398,0.706025967985629,0.639209037521184,0.415773857435724,0.311026964878681,0.582792744164864,0.620084573454782,0.231329910526827,0.606814826478077,0.260537910076663,-1.05454415591756
F2734,0.10809547355088,0.498611289177236,0.519489906353413,0.398439530474489,0.775158111389235,0.577428597202201,0.388504445847489,0.551580209648453,0.457184152825923,0.434667811629351,-1.98041933891942
F1492,0.16840341813094,0.366481511225832,0.644051950540238,0.648324273988203,0.500603710242352,0.548245798427139,0.524073439422748,0.267244153561004,0.587734574902328,0.477019263535088,-0.305560458355262
F2079,0.213197576803917,0.349079147367535,0.720676726811238,0.535516362038415,0.695798674262727,0.546009663996756,0.418425999580936,0.464060631437038,0.470636345477335,0.381057709337765,0.541906484949513
F452,0.412171483913352,0.552575969856194,0.839948171312915,0.509853195984198,0.555322188246815,0.629599153101558,0.328905910191802,0.469205385257878,0.721088512473234,0.308627039829387,0.17634682431902
F1240,0.273037469052904,0.515464216098144,0.620251748367613,0.512553302489688,0.544563979012528,0.598697597644962,0.448507071982713,0.699090845964783,0.618794709532901,0.299332936967092,-0.295779161908774
F408,0.23922489044411,0.574261029975102,0.575286042491473,0.517251887830815,0.745125525352366,0.602759766674076,0.568234353868321,0.400233459077099,0.610134102703108,0.297449922998784,-0.624548409286683
F428,0.305824214254275,0.785142427907403,0.572303297533203,0.412860488950772,0.579810206691514,0.558826971325537,0.513571834464537,0.465442207989895,0.716828442695086,0.294154579988939,0.822241021883593
F2946,0.496201040282556,0.504358519327956,0.707891271505653,0.63617813670604,0.634008792774304,0.472781012143966,0.350581752604852,0.527079756604684,0.470557468477333,0.446247153756318,0.807871704088406
F1023,0.189995918777131,0.293927913028517,0.599013013991673,0.588995840505275,0.510848105809562,0.588146261355134,0.414990065972087,0.459110128869761,0.605628880158264,0.372210473418925,0.727752975683022
F1486,0.399655286033531,0.680578571237522,0.15391197706577,0.805172707274382,0.647336060897454,0.641013987514851,0.357596244196979,0.480979358312611,0.517645001698486,0.413822202687223,2.03017692912864
F1960,0.171607339381149,0.339039273732476,0.36754077287184,0.513622199993567,0.661819796930186,0.512979206371854,0.494440414467392,0.608862820818959,0.677271263162888,0.421062894981975,1.15973386809736
F763,0.767868583838004,0.412291751805259,0.614238694134088,0.275105985622084,0.756622570197748,0.368635689320272,0.542561592313462,0.486272823292364,0.628852640207389,0.337575830064598,-1.93152565291337
F701,0.639102869651958,0.448998388683248,0.658399459139688,0.260688727165833,0.466064040011948,0.554554181471794,0.498753649756094,0.328267871984086,0.515534174742594,0.373205721219155,-0.479154650390276
F1102,0.17101330039903,0.552136794814669,0.543393634982524,0.530641953399414,0.50552025202545,0.833599126975072,0.830822520438013,0.744654570718078,0.400775146856211,0.487381454502174,-2.07664525904627
F1822,0.379590074771829,0.62160341900102,0.283169868666607,0.638258264369484,0.812181016968567,0.499778344772133,0.427202457053616,0.418169349829708,0.568384578595184,0.280437775107037,0.519532611272726
F1095,0.432542511065156,0.768255137710888,0.684210663464442,0.357953359608734,0.607241138648166,0.622130575782375,0.19124600301301,0.507845364832441,0.547516424973343,0.256795032817554,-1.32616846107579
F1842,0.390761090923623,0.725761226536682,0.549768550725838,0.651416440045591,0.192628771061272,0.21730579600423,0.184481167283433,0.267076354639403,0.452220117391133,0.183395517031195,-0.982068871885275
F3108,0.311304395803335,0.170880350532386,0.532411500834775,0.431667298703811,0.493214286334157,0.66050238977556,0.547840221190883,0.545895960242026,0.760308905744182,0.394576436028923,0.37690912771638
F462,0.352383969785292,0.524453924561487,0.585024781286357,0.594637072782445,0.41069089701061,0.683835008572813,0.508061521090412,0.487271467050735,0.590730139411075,0.255567284529988,-0.174196819165243
F1121,0.213864243334015,0.300865368345554,0.466557577193548,0.569606948105627,0.517076285753859,0.60520559168636,0.403958315647391,0.554789175956658,0.798657316043391,0.434740345288475,-0.639840120134769
F2440,0.188472333024069,0.691959386634594,0.783052321404592,0.302855152576641,0.448899869065338,0.797811606886273,0.666180646779609,0.239277903143978,0.460037862143581,0.253466445203055,-0.100022478980637
F1478,0.284572628047509,0.567874959710095,0.624836247805771,0.368279677031564,0.595565816430657,0.554035975109946,0.455650431965076,0.538631768660528,0.654724723951052,0.455881284976283,0.384187085400355
F2690,0.155910763878079,0.371782968412172,0.472121414602753,0.536838328533903,0.782170160093445,0.42458274163569,0.457952017449456,0.422685584174809,0.466899292691343,0.376909111685168,0.436249077101008
F1378,0.209559569119645,0.483259566205019,0.584440525502358,0.544461007072943,0.496626942343712,0.4118356098692,0.619179242194821,0.526921081310219,0.755071186333368,0.386077821064394,0.414170868910645
F1194,0.25754221448904,0.640588520091254,0.453399776778315,0.419570771352278,0.674128070789599,0.519168691231512,0.240235890538209,0.328851287954674,0.655915164385888,0.387202456056319,2.18712383101014
F1387,0.365163799908156,0.605737345775673,0.589994587051843,0.411163337751272,0.56678330071949,0.527191196432706,0.490522701471048,0.566210288956683,0.589319514355141,0.333061019880991,-0.519545289067729
F1941,0.281539891036331,0.618737536406675,0.676775734951901,0.427773709532379,0.269558181590913,0.56921918212969,0.664748178310854,0.256734203586943,0.519903695934164,0.165906834076498,-0.998262416115779
F2981,0.387994317539265,0.807801538896044,0.397262711436975,0.456173976978242,0.442863415396664,0.393501625591725,0.519825221124723,0.656709879681626,0.532551888193481,0.471486549118803,0.241042830326369
F3230,0.272864443733197,0.710059727942032,0.60732104140797,0.568365305314747,0.426086234908813,0.498204620087166,0.456954498332233,0.253431407988192,0.778885248285457,0.434347482933193,0.235195980250275
F991,0.20549287083395,0.535944536283986,0.661312939057264,0.601338752121589,0.470375761632751,0.424867937391463,0.513593613902992,0.30328279488685,0.712463332355356,0.190419687145324,0.444232517936753
F2499,0.296747393142517,0.526601481383326,0.631441454052751,0.4658768566192,0.593152250237821,0.559888138084092,0.520721876329846,0.62459359185387,0.673202185100319,0.442206690409262,-2.54072768168862
F3161,0.184891997786498,0.16727406728715,0.387919293920561,0.526847656438734,0.652237824351357,0.505271955147019,0.535194435664976,0.611990698579198,0.452842938357512,0.346941711150175,-0.836274981326481
F328,0.188815253946849,0.557254012189398,0.695723365636448,0.466405125032112,0.642462042413533,0.391342640995683,0.538108380453721,0.527947988669406,0.606035968784086,0.59309513239796,1.42255918227771
F3010,0.276849365509212,0.532544049406636,0.623565971226029,0.515250316026263,0.427601043587175,0.649532455910862,0.514726735845157,0.454144611550823,0.505107457872479,0.408111042986116,1.74473607802581
F409,0.119006997090895,0.539404330008164,0.667879846068059,0.356214876206224,0.881830634081876,0.404570979891416,0.523810036058628,0.538948816472812,0.4798842017494,0.344467943571128,1.3860659557624
F3014,0.22465150279426,0.434611695989539,0.639049132122481,0.61915353964239,0.576768796723647,0.657507652633599,0.535550669246545,0.397077923787645,0.70643630589739,0.346150113405618,2.17906963448636
F1019,0.16043988219514,0.570083011439976,0.568344868521286,0.477710985217914,0.653190287876082,0.555268518708697,0.451182725867361,0.442016120242857,0.644514221351718,0.335831035408454,-0.892879855223387
F3072,0.297740195314582,0.456250974029063,0.647793763519011,0.558633238623589,0.662175533918394,0.38783914155751,0.463803278442573,0.557857258404577,0.665601094159533,0.644639040868448,2.1462063429827
F1992,0.313401139601436,0.767367673836802,0.613727019910833,0.399101391797437,0.467580601620355,0.296074342866813,0.60646181647852,0.635311980758135,0.692912585665,0.452775244235981,-2.03392336755175
F2250,0.232056507089568,0.687758098827508,0.539624438574467,0.541245653326204,0.641716134532266,0.480453494074942,0.454965659026545,0.251701381177864,0.750588870962688,0.518620907520958,-0.827929669075962
F2890,0.388885493602428,0.837013589873342,0.58257581471914,0.531638676767725,0.455618964306596,0.53205804705029,0.563353243033165,0.400520215136468,0.538046456687794,0.38231292836016,1.16312348652633
F463,0.201469433232272,0.426873643849087,0.444494454162652,0.495115840344301,0.598474814133518,0.553076599647863,0.404720259664385,0.497864686524656,0.664192627655676,0.251760822661566,-0.569081024185023
F988,0.176704068265611,0.381883536731078,0.685111519639972,0.505520129570319,0.6036732202995,0.652190922842503,0.473071445535991,0.390464617297241,0.737785453685694,0.326375420290356,-0.418770768148104
F1191,0.188981235887034,0.458323830550621,0.621839054459471,0.554353352882361,0.676748696852635,0.557019097181346,0.46750218252107,0.384914049624385,0.534463108633291,0.301877530805979,-0.770827845328223
F675,0.847899215397886,0.494089759969842,0.72624112060978,0.436823813362264,0.684405551736883,0.532207476605953,0.48825940959154,0.360675992914872,0.722264819553867,0.456726889649341,-2.04400214162425
F2837,0.265327640650897,0.45549638121029,0.478225154659201,0.522247320730892,0.471025207700285,0.682643647090813,0.402483155477151,0.611698635328916,0.758680095784302,0.361470837616354,-0.141468821332254
F194,0.441283063738506,0.72126651090596,0.565318323978447,0.671810886200509,0.52795582587994,0.373649228734433,0.493250907119856,0.439416859126237,0.61434585247695,0.346927868124965,0.453452170271286
F776,0.214975380626416,0.550251490087959,0.592158412888503,0.481951501888716,0.891983706168361,0.552076553391074,0.596278915586454,0.437930893959702,0.599388003496763,0.299760944532331,-0.150687372757443
F1518,0.75667877930731,0.495636793992254,0.537370852884561,0.372992452168356,0.725273344866801,0.356937744769516,0.527885151916322,0.697145912416918,0.70775257389939,0.310884052174544,-2.21328367637207
F2626,0.310100055486952,0.520782267222099,0.432702246101069,0.723226661217526,0.517866800142605,0.622068752874939,0.635154413730759,0.432786437613695,0.606737299771201,0.330601503525215,0.401858587432235
F3060,0.334281438402872,0.584461531108878,0.699247103096834,0.446065604067193,0.559418198658699,0.294756406198552,0.437556224536172,0.559502398353355,0.663824437859702,0.380769191591869,1.19179733189923
F2369,0.289464458573876,0.506309660539049,0.654211871495396,0.47763601670786,0.464848310066901,0.495860613920442,0.521607384880572,0.460421549403884,0.682307991993366,0.363498481371173,0.239605633391164
F13,0.219699515465314,0.456869262949576,0.43748759000441,0.494562720519763,0.616619535125352,0.703269658379403,0.429831062334902,0.588317344787111,0.497470557687632,0.309264299804664,1.34017894916658
F2007,0.398915283501215,0.535014158523032,0.281670321972719,0.554743068519545,0.488354969150301,0.595105902762873,0.392267335265561,0.562936071856857,0.751119429557395,0.45018264609002,1.54681908956204
F1301,0.411821445544245,0.673372825200508,0.392015230587668,0.673710983660004,0.604857074984225,0.534084348683464,0.522201907414062,0.511244331046574,0.736432927163146,0.644436366199897,-0.907911274189814
F1763,0.249581992371428,0.550730563812718,0.510421026555589,0.422741092124913,0.63651511452005,0.609880902535572,0.475327193347283,0.357948251035619,0.788374556584224,0.292431047743407,0.537099780887486
F1278,0.428794216342135,0.60008689420927,0.758766152075571,0.69918954958368,0.572320425966332,0.421355498010763,0.261175076861354,0.250310534135991,0.429103288138639,0.595341220092181,-0.355092814627411
F1040,0.173498901205566,0.476675657250637,0.411833820943993,0.619051678537567,0.609604338452474,0.508688944911719,0.481946175891339,0.272938021095719,0.626522297250766,0.387286927471054,0.616658576489803
F1977,0.329890825659302,0.612931050020242,0.567112913112493,0.598558749772135,0.57737715871844,0.545953486841888,0.473449462543058,0.595182497768262,0.566169062666846,0.344914408407534,0.0506356540279237
F1718,0.333648023196526,0.475184675913036,0.560982651741775,0.540474647858529,0.426170837438279,0.524865080200054,0.489436245259396,0.677922904345189,0.536970565571808,0.364909064504951,-0.247700716181966
F1696,0.247626911558411,0.496173723969344,0.508637466666746,0.501447480938157,0.569412115377328,0.595515184881675,0.470474260882999,0.51187499584585,0.581984802777135,0.331545350025819,1.42928074641353
F2284,0.263451736265135,0.546351386736513,0.647310444583125,0.513973385096042,0.582918924467855,0.547381369401136,0.39161398093201,0.389103101090346,0.649887421571247,0.412055387319257,-0.357494699528951
F1457,0.308593406407162,0.574481979247645,0.576896101407226,0.467868066466375,0.600259345817091,0.352258229067432,0.441523535065293,0.48854019230228,0.658820627375157,0.288090152976022,-0.396654552391526
F2272,0.345278785003697,0.557158949228841,0.557378728569379,0.511009810115058,0.577731470079029,0.466409991341289,0.373620473179551,0.564859352517402,0.50378184753545,0.305485838296124,-0.686167212140288
F1291,0.655220134881826,0.422599804443616,0.560236171781771,0.514311462952566,0.450667578279164,0.619010126300841,0.470274233353465,0.277015179334371,0.523976212499838,0.287289872719398,-1.43791466946999
F1377,0.806323650399634,0.37494769183759,0.461122576894625,0.283221995242153,0.708586855521651,0.526543532843491,0.654853292684884,0.300292937942233,0.781510224466654,0.423628658425348,0.251331298169621
F1503,0.274930484448712,0.621495543359263,0.658387458852775,0.520356530066646,0.545619838755518,0.645838125631785,0.621952999011156,0.492822209945845,0.690215129770071,0.463198529892598,0.743059608475475
F2009,0.402307287214397,0.783076264904899,0.461885748683129,0.495941395768507,0.6130660662335,0.51625343788499,0.41565185647878,0.608432645940324,0.600811890971489,0.256141198505951,-0.35560979051804
F2353,0.205093711167238,0.584936659573886,0.346422131594745,0.467875214225688,0.641302553386187,0.585528011122434,0.423055599613489,0.338529173317063,0.583956358891268,0.352787117937042,0.830625757991142
F198,0.164843610696433,0.386716415772161,0.607568505624509,0.542366652663139,0.726661909140288,0.417661171131916,0.475704730496129,0.524045882971081,0.513488620447213,0.353623750068076,0.0612419872172036
F108,0.236036672258276,0.618261096508545,0.529735258972658,0.474182571602777,0.675638788246528,0.481975397427374,0.422072623074933,0.37687959492007,0.624633677494433,0.407588629700026,-0.87079462653237
F2602,0.249964500466698,0.662974830322275,0.626832332141685,0.403346990181178,0.314422448287658,0.27008406150225,0.563069800622452,0.537738574251476,0.714264713476285,0.290061996309055,-1.00902369675675
F1329,0.22858207089851,0.620935343432216,0.705352391637086,0.40440128120718,0.710588977125966,0.56347248674396,0.484328192224383,0.422150038092563,0.570943415506389,0.249553748817556,1.00939743045792
F1120,0.23326688101699,0.609669747166253,0.533583176091307,0.418645323519416,0.564083102771427,0.703512696946219,0.295954448286027,0.368157985734128,0.710694987738521,0.377742210316759,-1.18153176798036
F1114,0.386094633443699,0.698017345144538,0.57141203612513,0.560389531871463,0.665600264638409,0.627267039923585,0.378609145145667,0.458004746950031,0.660757223772137,0.512041460612173,-1.62229886578035
F1370,0.317247162689258,0.615477624445194,0.758688276030872,0.404024674999957,0.577584539719528,0.496633769326164,0.436621769561274,0.592275088530613,0.811390363574437,0.497199070613193,0.207555469852909
F1787,0.426920457333111,0.665893879649484,0.610512016163791,0.420673355149464,0.50788451678248,0.469792464507671,0.552388480941783,0.717312905550416,0.7261267114404,0.543186061331973,-0.0307621348323085
F1480,0.429270146963077,0.827263960513781,0.53966355140857,0.613799403179485,1,0.555885133418847,0.719563755843414,0.687427041991767,0.498719799006899,0.316819996583784,-0.600936971307393
F2491,0.407152511557041,0.558344973507346,0.869918849949296,0.628972270593231,0.633248374660179,0.592911475028112,0.523235222208987,0.451484270786128,0.615696272491517,0.368823619073532,-0.190232697252555
F1174,0.592573082548253,0.662725790578262,0.517512091671538,0.644072707889964,0.773809074485688,0.616022374614529,0.256371422999879,0.522629761703625,0.546252337511203,0.314366004256162,-0.346896946519204
F2972,0.363737372119566,0.774653736144193,0.621169442671597,0.555091050549421,0.79637675528814,0.468500556561337,0.544418419757294,0.531041366032797,0.585472551282078,0.614947425041419,0.35490675419458
F21,0.530860612881229,0.854696575510515,0.578079970793663,0.587014915872206,0.807822664927441,0.536300787868235,0.282583726852566,0.407673651904437,0.588937580022894,0.236767851379061,0.975353860601346
F3051,0.473812026418992,0.512275156853814,0.591692433231179,0.878872904957658,0.568623788174747,0.450004511644571,0.408132316306576,0.592360064349015,0.553286848779087,0.298607205954337,-0.712218941496473
F2799,0.412929781755784,0.590159422697016,0.513103201447388,0.833735349616239,0.427923417540235,0.729821020013504,0.655018540828997,0.296502106088372,0.473682759595094,0.424575694400941,-0.834401407515677
F3116,0.684477863950179,0.509980181254305,0.677499338729472,0.607203039670331,0.537863125548504,0.551205158666877,0.313923959434964,0.355064178143939,0.549492595913748,0.383966965518908,0.933717380427331
F2320,0.310160528513301,0.530204803267194,0.603028350027706,0.4946519831574,0.634197686981734,0.49123508109822,0.439814498785916,0.621881421468363,0.60565889377293,0.497583366889149,0.500496101267037
F1894,0.380689749659381,0.6509453640319,0.328723234891277,0.810675124466288,0.394446331398284,0.744543974222719,0.557472271128908,0.374226567236189,0.655730749646287,0.440093342791839,0.228417487818401
F2656,0.467799769586983,0.739981385890048,0.545188097310383,0.560871598736132,0.452676314655638,0.396300739636268,0.317634165476422,0.480492646693888,0.537771929526994,0.301947694777123,1.70536293230172
F3002,0.164610153039873,0.512702816074457,0.533362401947844,0.482649656353807,0.641530008818228,0.595872188797121,0.375990013745207,0.297865112393231,0.633491943903275,0.353073270708622,-1.53548584019572
F738,0.316324205194896,0.57312993973159,0.478634744867406,0.590957917761013,0.709123452760471,0.533872962009153,0.600143761192396,0.573964934883815,0.56614009173101,0.36394168069665,-0.589854074075512
F2637,0.787501314019471,0.546917888642606,0.619627666922888,0.252763454314548,0.72925592450422,0.692201045563023,0.763616098448559,0.344584663150572,0.608976891699842,0.359775834841261,0.214741315848891
F1298,0.715627466975993,0.432931958931935,0.429732706657152,0.301650892745974,0.545600096152054,0.725574289821614,0.509498711076524,0.308410186420866,0.553158320164662,0.358403445917318,0.102279730047064
F2097,0.297170023564463,0.858778452743802,0.520374102971609,0.310763529247711,0.637596337094618,0.507002945771855,0.293495069850886,0.310177087688488,0.555774398632715,0.672070660706332,1.49324786070841
F573,0.755100511494247,0.698407685465378,0.81865625615518,0.719847858978961,0.545612064717629,0.526734252294853,0.351210510623856,0.529583427191231,0.700714541891377,0.510875235684202,-0.865808049903119
F457,0.785274889532488,0.462781230904127,0.67359723204559,0.384101029209078,0.640129914210825,0.575817125861123,0.817235574562615,0.302375439500431,0.609356819773414,0.280917061932457,0.489038857848528
F1581,0.202804255991534,0.448500097170452,0.453764676467663,0.426315547836898,0.686337085992108,0.485462291717337,0.489765699933458,0.53758120003589,0.631632729023677,0.351352147282725,1.12264729225573
F2518,0.226198427731254,0.485839201921391,0.649060259017816,0.452445004409206,0.559519790800717,0.517979955034937,0.523930813965344,0.370747604510543,0.567603614951127,0.259955374151348,0.924662983733274
F847,0.605586156905378,0.853794739784014,0.68951322057289,0.665149041352767,0.737037560430218,0.468483127449435,0.539936658391904,0.669455333867962,0.476606840697561,0.480103698881159,0.380734574084874
F1172,0.191341927137327,0.273600048978914,0.55116542392356,0.640649800354278,0.571361434275159,0.571521620769581,0.524026168838793,0.462928644382222,0.500480046538555,0.430014371562919,-0.430469625425845
F2343,0.30677935364173,0.606521571459718,0.368383394010078,0.524281169760838,0.52312106837021,0.369486011382296,0.428745616131753,0.535066143884728,0.495565373494429,0.366424169179644,-0.0103043989018433
F1427,0.244167761557345,0.499995316992847,0.380446055115029,0.43388939193815,0.545211127956462,0.629909388026922,0.424215769472583,0.569006509326602,0.631142659527352,0.390718554661349,-0.181269659342608
F2575,0.397382507872706,0.736444671010809,0.39138735959286,0.547680380944479,0.621102672489941,0.607917723186226,0.374174306291023,0.662770522976562,0.628201940472413,0.456530835438923,1.57913096551809
F2040,0.327287838540914,0.702585088602325,0.530467084354547,0.539512161597364,0.557941517252419,0.639216693316502,0.527595530592756,0.438162654372498,0.90520535080696,0.285479460547644,0.507791799424623
F3214,0.305261755253391,0.571891910312621,0.493153100635062,0.774102795409584,0.32294888746167,0.646920442566143,0.724290750230103,0.426677913510175,0.332102427909092,0.718857170981898,-0.642547554187411
F1910,0.138533809296299,0.273885454660431,0.566977695482617,0.510586202602111,0.714488515880256,0.419828571186886,0.455408531070627,0.478373052644985,0.630212124015964,0.345419812531018,0.489870809683775
F169,0.303588463563832,0.432543699940933,0.769895202228713,0.760021936487643,0.427200155531903,0.596398200107133,0.687713216324587,0.428517728038927,0.492292461385594,0.414668051503707,1.32365552391763
F474,0.559972229397178,0.170258002556376,0.469534858268582,0.431689961953635,0.622079569759484,0.492001973196218,0.644243074876256,0.510096840068429,0.451515017346882,0.569898306890278,-1.45534467262927
F3163,0.247089146371922,0.659270606902399,0.615277857757492,0.443474316627096,0.422321622607754,0.353383111203748,0.525187309793354,0.582864686170362,0.614768393654553,0.502381457891976,-0.537842570449193
F1839,0.754845648058872,0.598161602862286,0.521826425640785,0.453512295590208,0.829571991208455,0.595329079664849,0.440644326102355,0.671670801500912,0.5252357366965,0.263273200621426,0.0188942327492823
F391,0.284554785166849,0.642021502504863,0.647370565104598,0.380248180668772,0.660392507178183,0.587861706222542,0.478176595987157,0.621453434573983,0.563800530138129,0.661805000809651,0.466780316135756
F659,0.294089500571971,0.479074712776968,0.683803512151431,0.5639823482053,0.703570813255881,0.496384955361165,0.479956826977486,0.547583842436903,0.607858857173406,0.409774057536111,-0.936310322770716
F2874,0.436167449374717,0.774636158433775,0.42844515888893,0.568654737279986,0.585942939586282,0.44525046042984,0.627105288248792,0.557710510698361,0.433899066136438,0.243238712442142,-1.97990227732647
F715,0.201451935124577,0.708753641699486,0.620890297414297,0.453947675224619,0.696259384650165,0.574274765314842,0.577830663075957,0.243785347656439,0.690708083533574,0.432946380790371,1.34983038570429
F1847,0.468875277958688,0.66279461821654,0.58129894960529,0.614798458634312,0.500263451407967,0.710404249819806,0.540117819845736,0.691400369303084,0.671482928592862,0.328192292308768,1.50622913403635
F1069,0.220004363008781,0.551885249547053,0.622028906037271,0.487497273486075,0.692102135589109,0.561076414084941,0.405587043410917,0.587416400548769,0.52762591518108,0.490692419321909,0.481870510381197
F3074,0.509080359174488,0.679828893347889,0.726136052350889,0.663557931339736,0.787783776960632,0.574269144526363,0.221943235854273,0.425013138502321,0.569939243818733,0.266873495864653,-0.175088831393752
F2427,0.207192903308333,0.347463593322491,0.751574601753326,0.552604884468192,0.74074308406284,0.40056710060875,0.512725550353757,0.50726898249653,0.634439668824816,0.379664555369908,1.29800381973536
F2661,0.161319421725203,0.549864984349817,0.246074808373409,0.570847234863455,0.681510690335416,0.590240401233639,0.780071688504925,0.472613580649655,0.592039775273871,0.21098561797523,0.515413705842351
F2592,0.344475981755199,0.521186691781711,0.661566547122987,0.420828779325173,0.535732387579016,0.719435623677847,0.344981606021845,0.605498326841918,0.645627883552283,0.243655710478783,-0.396354847321589
F1537,0.414711224398946,0.744513614230558,0.722447228413932,0.526541032408042,0.672029101179194,0.800036416029802,0.460602782438432,0.466424170410833,0.500484007402219,0.155594172927821,1.06962565915585
F414,0.360182215677862,0.723571538496861,0.403876378042573,0.424955072149027,0.530869383642905,0.501287545502298,0.544811999894481,0.589978010682516,0.444584826666908,0.34120310540924,0.921509206850682
F1354,0.270462729985987,0.276198822891005,0.621050745677398,0.53259921239971,0.620367609339014,0.545206663819989,0.516963825481346,0.579140608747149,0.681669679529773,0.329522690359279,-0.325685618952465
F2504,0.259176817380355,0.598918715592159,0.383863206188552,0.358597286943229,0.379548515840543,0.376529068662282,0.569121479509519,0.559138696157046,0.608819189267938,0.296302419439647,-0.314966489628789
F196,0.201611143148543,0.428031981266638,0.617702982120604,0.460164220257411,0.617500946475178,0.554372708562597,0.516473950945361,0.484476453092158,0.557823793658667,0.392347637642241,-1.96122941378216
F1348,0.216038686753151,0.541682831548294,0.590342766196491,0.527175941711193,0.722858862638922,0.524339254705074,0.438969068742644,0.383884946796619,0.607421296981399,0.414418075926269,0.602728404897199
F2919,0.169097881307061,0.390168546003351,0.646716470031244,0.545292961154281,0.657190011601544,0.551152487182258,0.509005413345414,0.428225155676854,0.608490129107826,0.472365093915126,0.502533138298546
F1685,0.287798265963596,0.836606950693654,0.411841954976108,0.406850164607913,0.764658589959528,0.607741699843642,0.576529828781569,0.599299146254209,0.397108936086827,0.710249298905889,-0.799486252834284
F2142,0.299590252006104,0.645816183510088,0.542138780808027,0.493615654080374,0.661356278146075,0.476467526870983,0.398775017283421,0.46010022922107,0.774732017542275,0.322134756125717,-0.144152400079846
F1853,0.328223258824709,0.770395007728864,0.640249177270295,0.425800022214233,0.450674475626738,0.339606937337829,0.523451569368786,0.533927815520129,0.792264042659335,0.213701766472647,0.339222494815976
F2574,0.370347423440229,0.581686687466348,0.468110531822174,0.690934553689507,0.429195714786469,0.663678184087302,0.525114015842776,0.487297755580821,0.550966442514666,0.344114455850015,-1.05190795568509
F1778,0.438025031501821,0.780226097018783,0.457741326637299,0.751204835234611,0.61537797757735,0.322264270531153,0.621212736714061,0.374397940803026,0.818205728022661,0.41378821123119,0.340056292371265
F630,0.309542706176002,0.602252949519509,0.570522343080074,0.470038139635176,0.478948904468144,0.430337622549974,0.62967889464432,0.64938063948982,0.64220614748022,0.201740764211238,0.267572849079188
F2848,0.291450761631273,0.535379153782976,0.534376025507537,0.613065114889586,0.793051258039199,0.495703286147932,0.468718941415923,0.402346312131218,0.599079654222063,0.443957809578756,1.79624386713984
F516,0.307032038800664,0.742665355776494,0.612762524032677,0.44434586836295,0.451515441070653,0.79170768434323,0.481028759933431,0.255240903684202,0.271961401224178,0.123441594567242,0.305999400222512
F345,0.131303156697653,0.30366286956083,0.476409345614434,0.597808812795035,0.577283717339515,0.53223696650635,0.551961889171935,0.365907881698268,0.572459361121493,0.40091870177722,-0.18058643158348
F1678,0.286492211103937,0.824962856635424,0.608080068519279,0.221151403748244,0.561418492093281,0.471449849413209,0.382782245581448,0.317786821806505,0.511377257270674,0.432375469266663,-0.849708795344213
F1878,0.259961435370816,0.697661783651534,0.622822453164872,0.395007132073163,0.679066289080219,0.532061272557512,0.452873716873798,0.358642372138449,0.618167451473476,0.467652492047475,0.257535066881772
F2548,0.356296508186487,0.692003294453831,0.599470512509535,0.502054215342554,0.416932144114541,0.51334726448206,0.355501455137942,0.611202925505848,0.533022780356614,0.668379923798763,0.21921712684252
F52,0.325235005526831,0.559017539897553,0.469150806719084,0.662694541245463,0.688645787977674,0.502907183505534,0.550625884148379,0.382472585217906,0.587240103225205,0.391123809053833,1.32862881704069
F1230,0.242996533880294,0.470719033461781,0.63019338135357,0.542945091941454,0.447928490345768,0.58202007101335,0.633423166932161,0.506783995170031,0.675389770898213,0.488149945807999,0.319545002400205
F2551,0.234703751761856,0.518748627927336,0.580828774287203,0.435476318212995,0.705236366973767,0.591823751110861,0.438383422664767,0.495715424835342,0.597819593050918,0.363409645241434,-0.0623706301843261
F1758,0.242599296804587,0.363275435180559,0.732960671484001,0.507217791729492,0.566289155582401,0.49175136768351,0.616049254985218,0.505246315459872,0.630586957562405,0.368546355801968,-0.308048950307255
F615,0.799190460771868,0.508401665943862,0.43772277570058,0.326025607193851,0.78033253959802,0.318896995214905,0.644398547320341,0.498203790593997,0.54418385779887,0.487645774475903,-0.0599116641759549
F3095,0.175650667724741,0.590438852875876,0.440818694522995,0.548292109762672,0.571605942088884,0.33528009797556,0.614431357517403,0.420262112761586,0.629988187937936,0.318989601606285,0.525327801593609
F1710,0.19024569166408,0.606234249918359,0.456426034625911,0.59116635170591,0.55375017400492,0.358770340671798,0.538099554180385,0.287657930818645,0.639076066754551,0.383015387257617,-0.157278459656497
F2760,0.473952784723041,0.627940695572952,0.573613147790427,0.696418416654772,0.649208870014883,0.756890300345783,0.148487894762946,0.713264076127674,0.768014324237003,0.388737733367656,-0.733604828161951
F2740,0.381862643712812,0.837884938551278,0.372750468599208,0.595341405841794,0.478756109265524,0.282697708215122,0.789770293220415,0.358365891310615,0.517202369897621,0.466551669012299,-0.106898630208816
F3114,0.606378754094396,0.338500245914948,0.553763176105648,0.493964116075803,0.577050991381503,0.651477143725854,0.469262066903069,0.406828625941777,0.653810865901406,0.442664001666281,-2.04212480572254
F2820,0.293131527813478,0.7883751428478,0.612863618533418,0.431143224589912,0.597743057365142,0.676324799181179,0.388846669500021,0.399461583786726,0.674703682147849,0.338544281929511,2.33908810905096
F1808,0.732707784916007,0.334641943346698,0.586175222787624,0.344197387730447,0.536975480687824,0.726999261098794,0.556117584217663,0.333161223797859,0.747195241978783,0.477306166270654,0.907585632497786
F2441,0.1479228258449,0.570441187292589,0.432199684842959,0.367851231272781,0.790003233210038,0.637260950330096,0.367094940062288,0.601229129854828,0.367250884138207,0.318048127936408,-0.219741881367421
F3267,0.390911667158592,0.681964521572651,0.473770290014808,0.52657559075817,0.566343610855577,0.808025451858812,0.42606195179978,0.741560004540312,0.674184824862836,0.192294870310659,0.360021359359618
F2676,0.238397958191186,0.530895874603537,0.679656729225927,0.353813768689055,0.537963973298246,0.640177968278738,0.700459345291334,0.579435982190289,0.416410337425696,0.665568619365274,2.23456163862894
F914,0.228506236709078,0.835420183451059,0.467160474379878,0.29387251391643,0.672400528925302,0.569274110926198,0.531593944661208,0.511870138190659,0.680513059051096,0.5603957787585,0.493984105989058
F3064,0.300614384016156,0.693060554569684,0.573871494523817,0.421220863167147,0.584914087158685,0.605336441397572,0.463609912573945,0.544197513094465,0.549271418290429,0.492317196282624,-0.0780497952436046
F237,0.399102713176798,0.807417815054231,0.658457793732369,0.455184307014337,0.717448866781174,0.526173874040907,0.577565203939305,0.498900665085288,0.496908738801956,0.451834297249271,-0.578642059567411
F3208,0.749235624377842,0.339624884677484,0.622359957431423,0.469355549077907,0.624332791559345,0.797958981681425,0.607357613042125,0.196291979433612,0.529600656772654,0.460345125737043,1.10243396625913
F603,0.472506251139218,0.276056855380921,0.185070412898889,0.351783651379948,0.689487768118917,0.601863672419777,0.680496438227556,0.164760757348243,0.597798138229293,0.443606162173335,-0.000310091744586756
F2169,0.184940524003862,0.702628562036129,0.52770110799891,0.298588268492145,0.769240548146963,0.751441001557993,0.416795491528747,0.636641704678901,0.453294079073254,0.32335483245851,0.29206446437218
F1248,0.459485536455693,0.568066735849165,0.621960059108284,0.74917504484761,0.774788319397566,0.648123290041194,0.332327006402719,0.546278218682062,0.709347900801058,0.271757225411081,1.27598523271488
F2013,0.451116578137013,0.637421502195762,0.750533637951493,0.782517803750843,0.369164891479121,1,0.592068718164596,0.727146215131229,0.311313455001597,0.264200005913017,-1.22223799671045
F2146,0.339578258046024,0.747699949153784,0.509642858541345,0.455192831030635,0.369405702621116,0.509379253486272,0.371988144238427,0.672399901195395,0.662706604632519,0.454254528697775,-0.263488941772137
F1598,0.235170221981113,0.34555131172581,0.512397879802835,0.643242684296462,0.660800788187443,0.363052666851234,0.429127255642509,0.591283843806714,0.643438801458053,0.467725078832973,-1.69560135958752
F2823,0.31894351341602,0.540852536745833,0.458156741581217,0.4072153935613,0.578838494164116,0.513030082740254,0.551982608904547,0.641732247923965,0.618327320800327,0.347560229780419,1.33256714197548
F1709,0.175022173515272,0.26665876833351,0.627066642714615,0.544668893199693,0.630324867763408,0.453966548063978,0.530413287156493,0.495308768411662,0.523896782157564,0.448058642999743,1.15501392211332
F1245,0.239856376888161,0.271852168550892,0.539026166753441,0.584935796105205,0.543889037937474,0.644911982905976,0.444222898345397,0.583525040540128,0.614149269218686,0.413593774598155,-0.608376662163653
F2143,0.297789901282061,0.630381300510678,0.615716649492051,0.497140875962929,0.562867741445755,0.537790137540104,0.376616471523345,0.41362045703668,0.697450987235414,0.412599676848718,0.211428291583219
F19,0.224058024605278,0.516362215871245,0.575226676644029,0.491687027369209,0.73208650481166,0.466838782055673,0.496086936293965,0.472263756698506,0.450757038455862,0.359644951570704,-0.0120897009434564
F2807,0.104171166173271,0.479561475172871,0.34093046671647,0.471505393656433,0.504276598867338,0.489132322084769,0.520736304795596,0.461811065723597,0.163603098821802,0.274646104074845,1.20407309214293
F1797,0.240122222249376,0.909691976791631,0.64792987251934,0.317432230933248,0.631458440117316,0.596726100351419,0.423254753466917,0.44286595619236,0.873154720603695,0.435442564810735,-1.43890924702617
F1743,0.295334224294032,0.477364716188458,0.44232632197823,0.673431563575687,0.485166786185545,0.408059420972216,0.743431068930754,0.468039921412818,0.498428709080131,0.235870288517195,-0.914160413133006
F1010,0.216100127042567,0.627417915470956,0.594683484981789,0.305120035443793,0.765128644064657,0.520863576794859,0.333461927532018,0.613014863607798,0.468018409207681,0.356644743228837,0.718040056574056
F2179,0.267345575947289,0.63211932407851,0.64003104130944,0.464693187865381,0.366888704433589,0.433593757468034,0.608869753973689,0.537466772192397,0.751957531125469,0.299628533019054,-1.03736410748457
F2839,0.421067216821353,0.747773031754824,0.682404194808678,0.524133953560377,0.684363374152654,0.501867215653996,0.395119396778609,0.578519289465066,0.420972474424198,0.771392965725361,-0.844774428760609
F373,0.216140276831705,0.612486746991996,0.412899050766199,0.459416150861758,0.549655812211893,0.411414157179576,0.498743772505478,0.620644325026565,0.655707778182619,0.280275303285404,0.658993698528176
F3017,0.357598549722483,0.806321590931126,0.555786183535066,0.540596353144903,0.263370994652625,0.464717751967867,0.538895751492586,0.398761603393476,0.827158576004645,0.367174223369712,-0.922180900570673
F982,0.322451084897169,0.676546306200814,0.566397606121937,0.491744632366655,0.754937846221908,0.745205064387209,0.370254807823586,0.572657760331617,0.887740402325685,0.293903174938407,0.945039571589931
F1539,0.159659974375824,0.338933707126284,0.696779363724611,0.603026340651564,0.574057729424847,0.450440996187636,0.524264428191692,0.438559574200331,0.565713451646937,0.38895211970423,0.931852045443053
F3240,0.331665804934954,0.732234718243637,0.549080879838706,0.437641039586115,0.507324468882142,0.562725614472964,0.478237569707695,0.614721577299547,0.708052604076119,0.323254270878146,0.0123829298817998
F2978,0.209738550557851,0.653546248114567,0.588145709569065,0.334281002746436,0.611453787123205,0.637692250149382,0.351110659961797,0.361334916661133,0.692827241144979,0.354906265099473,0.831162875837089
F799,0.237413994970044,0.441076322481115,0.703424641331291,0.510892982569539,0.601568959791001,0.483079563130901,0.447892754092894,0.49195482573445,0.71488980224877,0.411884947348841,0.00474032120605163
F1052,0.187965271585373,0.628572591731905,0.511991906009208,0.582439446814812,0.518107988470476,0.553180264788396,0.448586259680173,0.262141393817861,0.650222716600716,0.358663096433571,-0.973881702456279
F754,0.230770640202187,0.754820500993353,0.635703362056832,0.259717565055891,0.686000079210992,0.536977475062516,0.405025388209824,0.535863660233211,0.5735096002174,0.609873512055532,0.415868105097637
F2221,0.31334377390746,0.374873856239492,0.807552245447414,0.526363758176687,0.48001789410786,0.519143233664193,0.381156584766705,0.578021933409676,0.564491566725962,0.371208335527623,-0.339790740839192
F1607,0.232820114085023,0.410297354911298,0.451657671755711,0.57619320121339,0.663493760167101,0.54032199937629,0.515890203992681,0.440608539700579,0.677741531627165,0.415550260742617,-2.02685290830233
F2996,0.413559077446856,0.897807355674623,0.554072511673337,0.436203559745162,0.445533051665628,0.614489578659185,0.622820390699624,0.483673730848006,0.450580885891036,0.376967416905189,0.796084414779734
F3033,0.442734334421474,0.474258124812143,0.915356861471077,0.54566978138476,0.351973813337129,0.579250859618063,0.327784144569301,0.535130236987585,0.59629371875565,0.486399997767421,2.81827063556884
F2258,0.216463123897292,0.723467084205799,0.548937548006248,0.467246180520726,0.627595788210593,0.51751264403936,0.591106805179632,0.336435523452063,0.845709335637637,0.283412472072262,-0.409456942739
F2235,0.243928831088642,0.665422508129583,0.520920541817338,0.369448329461597,0.653035239605595,0.542192688903805,0.413760536893036,0.398524118634744,0.642667722514281,0.410042033368667,1.70899767772994
F2898,0.360277792246207,0.744143618173752,0.644864754618717,0.452341051906305,0.172438762082118,0.590638877122147,0.59622382509735,0.259212855200657,0.417376070127517,0.248034070763222,-0.414409058761441
F950,0.11398960536973,0.251111199043136,0.646803402625832,0.630309164228338,0.654254555458523,0.416777818669602,0.560049963544367,0.37071014725599,0.570504764672218,0.512299690394604,1.0161674177759
F867,0.203068067064395,0.469583839890336,0.502868758010632,0.580864250815728,0.571323279840023,0.41948856838265,0.485615878408501,0.36471974357482,0.583320588930235,0.504977566289525,0.334997223929913
F327,0.39402138212226,0.699583071515414,0.507425603003046,0.649033547945522,0.653237798311662,0.542066142886008,0.403547470304071,0.395321683138625,0.716353319758168,0.414550829759976,-0.566180106351401
F526,0.405891475455019,0.820653284548445,0.443297831951713,0.956169022482931,0.705331354007148,0.583671475245912,0.6928088925241,0.254792158191628,0.74177479652518,0.684899944248575,-0.0850061845623148
F68,0.395565273023942,0.603414350230423,0.522989383699593,0.552412036507133,0.312869990644913,0.851931194815878,0.340952694362557,0.43194393793759,0.213979685364168,0.328920363968005,0.286769561857587
F2204,0.337955980794782,0.537273993602276,0.66094200902639,0.520585456353643,0.660289806957218,0.519177815225752,0.498593571682892,0.688576204038775,0.65433773877544,0.297883920842106,0.177706546861449
F897,0.283235773705056,0.622376332728386,0.793383982720756,0.44625856244258,0.666954899216801,0.539896234568207,0.513713847079868,0.534683137471711,0.582177845381956,0.646905030184103,0.0010013105327151
F3113,0.326952080462731,0.240832074894116,0.501966341982948,0.592450243704515,0.593092093141286,0.683430487934369,0.472098475796911,0.730830110603922,0.955203287937403,0.50817317839349,-1.19862342015045
F2472,0.375694141794338,0.78276346149071,0.608166864467061,0.457373551455839,0.631999183803797,0.688296912358051,0.567245198846888,0.733205851908223,0.568930523127837,0.446307908937072,0.933329120690865
F2671,0.297151357855531,0.489263478009162,0.65402646536768,0.515675143423849,0.600979597856108,0.363345507676957,0.472940367127717,0.498667480437884,0.626690909234511,0.232906636920257,-1.26776523658682
F1668,0.401111838291961,0.746479862423103,0.544037380743653,0.560893307955087,0.69595632436785,0.588961784107673,0.607078696049221,0.541898696213412,0.570449221189976,0.309257425916809,-0.358691540656421
F2739,0.22575442274961,0.435409758725234,0.249143281142401,0.785148480844324,0.764350932543108,0.677753875929747,0.635861977961733,0.348817812858725,0.705099807978505,0.640916447360122,0.379370272914139
F30,0.388211548291585,0.632050913199308,0.553811137316947,0.614999815946073,0.671259525453711,0.469172549957649,0.448142084461219,0.408662934319974,0.553374971132434,0.413565821806874,-1.87252717411847
F1995,0.436980964548538,0.602300303870118,0.343737855220037,0.600686463379949,0.600111103026689,0.645165974962808,0.601406029882482,0.555213551417626,0.797844122693108,0.361857485143925,-1.64676511733503
F554,0.824276123343262,0.467847337334283,0.509020153574052,0.367574512692817,0.672741763170641,0.521925226071744,0.501488410786369,0.295639236026825,0.632950606780498,0.438984523946822,0.855601069455601
F2366,0.563155950827097,0.211769246059921,0.498837106442679,0.0211288697570906,0.632533381101532,0.473413795668456,0.539189692115957,0.33259621554499,0.635563694862064,0.404286344840194,0.398333428192293
F321,0.305947723010075,0.433523618398891,0.372229006869076,0.492861777360044,0.533010239217852,0.611481842543435,0.385026969040095,0.476988372302234,0.683917660495249,0.422403335412385,-2.13732100927613
F3172,0.20524245756643,0.489005470042597,0.640357841565608,0.462595316897425,0.646854256398805,0.532955058832125,0.521370600124859,0.5320943247332,0.625887835317417,0.347838022165782,-0.557129128330406
F2822,0.334739802461828,0.453098920380397,0.51257934033289,0.726437484782843,0.753180214587701,0.436556714384744,0.671560111160691,0.463274481177427,0.631146272096877,0.390533943752774,-0.0843428803278497
F1513,0.141059821189295,0.590700481221246,0.358701985445812,0.459501372948755,0.488141990323759,0.42289746233455,0.467615539671001,0.138806803637433,0.579576926067257,0.321502898598359,0.332694712329102
F2784,0.41178309345673,0.571269290574552,0.605392987047679,0.653119083031484,0.520822086591896,0.485644403766814,0.442698020704902,0.565652826752496,0.708437604176228,0.218556347127283,-0.373020107455498
F2293,0.837577649697817,0.51966589788677,0.514144895450674,0.160093991462023,0.762545282030124,0.737113016721267,0.621102189223786,0.515047107106942,0.546831907242294,0.612616429905766,1.84006215253469
F769,0.437920266914337,0.332773242367271,0.528309549325865,0.755405504488594,0.545161071400521,0.614717285054718,0.454101471388089,0.498566868588099,0.670337371925668,0.429465478852408,0.641554995208186
F1148,0.254606207180355,0.612805662174695,0.628142105574304,0.490250815772187,0.563418877663352,0.532661476228885,0.378389036880337,0.449283805015956,0.678532692210355,0.414258492021866,-1.55496814652386
F2940,0.358974537098653,0.732529612474188,0.532658429580345,0.364066280155521,0.411888448641452,0.438261744769976,0.634468337208595,0.656592176017422,0.756099834851151,0.245979615129943,1.23314860093587
F2373,0.24492851542727,0.597470437011496,0.711890643526074,0.455494582562402,0.723969755604054,0.352274053451096,0.407801034929594,0.435573420373196,0.645760023190882,0.389305644226734,0.426687283190081
F562,0.215071509449435,0.568170743376257,0.395089978427976,0.514692630768352,0.535860107784369,0.381628826074425,0.398130888796589,0.409864214845538,0.619314282850164,0.309372068574504,1.61845453028668
F1632,0.116461495304817,0.435155368342067,0.530109460384242,0.491443477555498,0.667550251257312,0.418161952094365,0.451996920856848,0.415842146823754,0.457612058034207,0.37551077959099,1.05941480399602
F2883,0.237082994981131,0.571907654530378,0.759217968327105,0.454625619277593,0.619039576253415,0.536730737550309,0.445152579401088,0.296762246479712,0.480430933317502,0.290961554936436,-0.0989125640682137
F2428,0.306293359307519,0.434947249331008,0.763261965034601,0.461792760862707,0.584724352378834,0.577773111527772,0.474726639129994,0.613955345288654,0.668622862282271,0.521769473427285,-0.389820960685468
F1642,0.0911062953372349,0.77806834526285,0.543782531870617,0.272987828523838,0.765965293664823,0.591787621139819,0.294299957803993,0.230737639442284,0.7357526676733,0.334676523707076,-0.247375187430458
F913,0.255394031874066,0.713530672720959,0.679303894952077,0.486432883807101,0.356098650080037,0.40590653771711,0.613982909828918,0.339169825990123,0.624292125450078,0.384425692159311,1.67055797779463
F3024,0.34202680947736,0.633952230123004,0.642760356370837,0.449193656047831,0.598915049771917,0.387379053727241,0.452716660525375,0.525749322501892,0.578217428965982,0.278280903106198,0.18318677906141
F1920,0.456007980106883,0.896953853428529,0.480752706119191,0.427227613933081,0.456689616756578,0.499798181765784,0.592837446672919,0.504188193166588,0.69876988185172,0.21112335104338,-1.00787721706158
F2852,0.385922853887325,0.681169173477887,0.678688618725095,0.579099667932671,0.674101906026013,0.694046358989006,0.399335098948544,0.695822641151404,0.770649831615143,0.293347670742035,-0.590119451677327
F116,0.333967283514723,0.746376890787643,0.539753154707553,0.344173741715292,0.595571505098809,0.515373778103671,0.551373524434497,0.546615247476883,0.547676116338172,0.294837071961954,0.904306108373125
F2135,0.650606517308674,0.357942851634161,0.709598768005447,0.357051072127815,0.529088051045097,0.67802076979134,0.497966411254861,0.295984621001779,0.641847198958454,0.36311935104156,1.27829311521125
F1085,0.645313206863968,0.284615480438206,0.499693791429842,0.447623538641201,0.532858617752612,0.552488056524801,0.482432944043526,0.444023571519269,0.587125787935547,0.385579771603329,-1.72211807917759
F2481,0.61902462259184,0.200666587508196,0.629258365897258,0.387633848752512,0.671676593484177,0.505202959508614,0.506440450645091,0.330636118905344,0.6927205488658,0.653368661749823,-0.905305289503565
F1339,0.518767074194708,0.562748103397334,0.619081341860614,0.615892324438671,0.490356085558686,0.446355361546194,0.331400316042844,0.665258191846633,0.462336656102853,0.421337802554464,0.181613496639155
F1654,0.499399769850838,0.623689203483714,0.621857264111644,0.610967531941399,0.756009105618108,0.343211643616991,0.532816956520883,0.719720680891063,0.839082143555531,0.167652960373654,0.0340775566648358
F2048,0.526084412891385,0.86009388546169,0.644676136571784,0.677845409285757,0.728571665799207,0.584229173024098,0.401367943728659,0.60405047588538,0.539872162022282,0.511907452726704,-0.59338691575629
F79,0.247967793626065,0.748301802580199,0.568614673058213,0.405568024235766,0.623039817610436,0.540703188869736,0.44885356823401,0.385838202692906,0.577482456076676,0.310526355122115,0.65895523194495
F214,0.389062740493579,0.689165839721567,0.47068286372291,0.695191451769263,0.665988460114254,0.561705440131446,0.550999153815328,0.46108668286641,0.677347313879237,0.294148287749672,1.25126591739705
F2252,0.131070643640415,0.518083179796192,0.708649762827874,0.322910470181397,0.806126554892515,0.464595456815408,0.406353914406703,0.58002976091279,0.412085969701754,0.463981216461997,-0.329378418617194
F317,0.280166492735865,0.629209623722369,0.493976906999225,0.338158980901697,0.613456146882165,0.420423711802642,0.574918392645777,0.568538492171245,0.633914543380651,0.317728127841845,-0.57456690286342
F2493,0.372291398411206,0.863059935765094,0.622955336277055,0.373327059280248,0.695892418125307,0.588784136144612,0.407976112718821,0.511177159528635,0.726369357318006,0.297008962694041,0.249826163508256
F2136,0.318502314527657,0.742869404078047,0.578256141425183,0.510814854543731,0.591845701820904,0.613683766797999,0.483552619937482,0.592535695174522,0.695548090369211,0.425231693529056,-1.38000616107395
F520,0.32552091638985,0.444541743050135,0.643329410702597,0.5151546260063,0.514946481837948,0.610914826255418,0.26137787934599,0.6129888243092,0.628930795887007,0.371213231356949,2.29293265236059
F922,0.29139201517802,0.772421408478205,0.539524819628006,0.360703178161377,0.68548530555661,0.642278363606058,0.52514864635463,0.66775017925248,0.627144761302369,0.292572784417987,-0.434272868865824
F1222,0.141838063154083,0.440875218670539,0.448635367500929,0.437035426362382,0.735466928936628,0.476933100542112,0.333764813162079,0.376717700627241,0.587303013412737,0.368942169878205,-0.780314183210229
F2171,0.216098270678266,0.500381605931939,0.442090930332909,0.604406749748818,0.770533962121087,0.428840266049239,0.469431675396319,0.385187173487032,0.691782546959715,0.398277759643607,-0.43559084499462
F1053,0.290282539068521,0.520340091638301,0.674750725980903,0.526767456870026,0.612557504585715,0.501469994645859,0.48642824547506,0.522783611900797,0.704512213427704,0.362694239750287,1.85670474689859
F2689,0.386544539687785,0.890334582588682,0.416164866168176,0.53768550653847,0.668909423931452,0.517707463349621,0.623894056345047,0.724988448337845,0.564326015752353,0.552255981246214,-0.313445085819271
F1078,0.324727782427824,0.513117005495061,0.738588853653207,0.496128370469195,0.321091630389501,0.419061117206525,0.422574744151761,0.557258917823682,0.74382920308453,0.41769569061389,-1.05166436210467
F57,0.138292074361848,0.635627298036993,0.36496904420412,0.380076962969822,0.739018911440957,0.716758471043289,0.470441612661387,0.747588568469699,0.441894807515,0.515545400702338,-0.737497063775976
F367,0.252016128955672,0.511298739651401,0.590216404476258,0.548789139810748,0.515288026316265,0.529509345135345,0.346318226060688,0.509571053786778,0.628807110639547,0.500258608712422,-0.481646808905808
F159,0.390708407576532,0.718137159717623,0.725995948981314,0.460486995735237,0.753131568352438,0.503849453018125,0.591478072099725,0.711617329461614,0.582562437630778,0.441719143587315,-0.261451906648804
F791,0.263045278423348,0.467326363991777,0.675225927485626,0.5534789935397,0.61972565267189,0.342264658033994,0.506067062891328,0.527505870644294,0.747413307917554,0.525799649185532,-0.619825574971932
F2945,0.455084007013393,0.550171237005364,0.587138073729588,0.703445240766674,0.697721058865036,0.550960830825858,0.477187357093983,0.358244780509429,0.705468174223379,0.316916379924629,0.969098622321938
F1574,0.360733650867768,0.792479675521499,0.458530681614297,0.462080899435081,0.342747925909407,0.489489217837078,0.651594520024272,0.785356061538491,0.701557030543587,0.366981570597244,-1.50648470403228
F3100,0.214252890562891,0.49036292640192,0.612826932487979,0.532856227176626,0.555957507333863,0.626223333900155,0.457612323369205,0.392665498848167,0.63841451703935,0.389344068648827,0.470180600311733
F3237,0.38111779859801,0.812646751593055,0.532946276577712,0.667145694788044,0.715879977742642,0.615155268410539,0.475043526280876,0.420834580519424,0.69543813402379,0.530052265749257,0.204999417498417
F145,0.584067942073082,0.612503128339374,0.684591714793899,0.772433810320788,0.587013975838624,0.390583360983641,0.317826708262202,0.441132518367893,0.596274544288669,0.452983697846579,-0.804369306985418
F1246,0.310941697399203,0.59986732877452,0.510727262931711,0.479619790036912,0.59524956496714,0.454269783780679,0.479830475823955,0.595851099256959,0.587965703070741,0.380927522307322,1.46235155925486
F26,0.257268817607681,0.404904267998338,0.471155201596507,0.517763883003628,0.668708960658155,0.602329460042169,0.479073726358768,0.68979620527249,0.518340488040308,0.349493822450206,1.55981794541019
F711,0.155698754861754,0.29871249064136,0.516350587885087,0.632674980913745,0.663660128025658,0.608403301216449,0.495014253237349,0.434216151984286,0.694895653077827,0.498935236146136,2.43138757012431
F2475,0.24497320794868,0.482953651708392,0.561719477600536,0.593112365282004,0.692834102392181,0.678972824854744,0.475751434474106,0.440769416939816,0.774531836437559,0.502314175085481,1.10108929733477
F2267,0.311140917283265,0.615832424190267,0.340861909890986,0.823466986927601,0.756549782844461,0.593539712789595,0.519872868810595,0.511889634368544,0.639819791515201,0.291457995876924,1.25712638982692
F750,0.42880816707544,0.630548277480711,0.58270451570296,0.660027517857493,0.634529585752557,0.465513480510622,0.47881841781333,0.358662504403974,0.771337450357252,0.324852057703308,0.610851098411687
F1622,0.371125072191522,0.634618931598781,0.471723148451726,0.416403848890906,0.651987912616649,0.692022529672335,0.476552727267546,0.714175348917431,0.817363545251472,0.340336065252121,-0.5063173557623
F2446,0.293241097189593,0.661245364441667,0.772387865151931,0.384135403715132,0.652691848749475,0.47571495721809,0.554790788456626,0.551428375772176,0.618051837490499,0.38599241828448,-1.52710029766406
F3218,0.330133166662283,0.802385784251929,0.711384608682654,0.302485816955358,0.565083466980937,0.618344412775324,0.479070255244626,0.48472866663628,0.745895524427664,0.55940002576158,1.28968383955482
F3211,0.242602310671085,0.664414085816132,0.633690238956083,0.365075941028816,0.604038715337136,0.589405029435737,0.471854013769511,0.521890275025632,0.476843421065757,0.618871025211778,-0.742677057001841
F644,0.29976339704622,0.737278155646324,0.630134621037257,0.432739199259003,0.555718678391347,0.515374153485061,0.428737865089461,0.445107444634831,0.777714589642183,0.357825363706307,0.409847396187742
F1984,0.285766063173543,0.646234984611023,0.359831493042541,0.566940803050401,0.581766418026011,0.380893216093244,0.469652907227129,0.449431444226369,0.605952016145644,0.284592060473793,-1.60128441465778
F464,0.249627567665508,0.533636791057557,0.679896438187183,0.468678769204117,0.723033762557104,0.419220199400486,0.380989142948777,0.465007002773437,0.599470108780071,0.423655818993556,-0.293463646553493
F3036,0.471918780005551,0.615356501898127,0.348004191423525,0.779519321700474,0.669857831480944,0.523472726444206,0.439719189464282,0.260641518361878,0.672777026279293,0.279001871601473,0.58107610304683
F2055,0.235843073723338,0.532256759032226,0.660279374020672,0.510605058574263,0.583872625210274,0.621700759038669,0.487185822002566,0.409618359716994,0.674642452581871,0.501578879924823,-0.741212376295754
F1024,0.320461996091222,0.682829811311061,0.821183289204874,0.385884058102165,0.60541752112851,0.566482318249496,0.461772407897191,0.524996430466546,0.71196910828465,0.41982505524561,0.0655431174848633
F2863,0.280686413480123,0.817411807933266,0.540259891573789,0.384459375122332,0.762377687692841,0.650585551479944,0.557653586877682,0.479934860291226,0.713121668179279,0.152766870175811,0.396216579066086
F1491,0.0715248043220817,0.302813049280058,0.55468800883568,0.630236020780905,0.495634212520952,0.442654699581627,0.576049363130819,0.309038650354749,0.689986928078532,0.408227945583703,0.91222645883521
F257,0.315400059792922,0.442951121748134,0.669530136120152,0.564060090974607,0.510798972712312,0.472367887610515,0.463319825651049,0.507555696296278,0.634078365823771,0.309095765484003,0.187412440498177
F782,0.277582132239432,0.514541216571127,0.609163772241116,0.418332702284031,0.461549338533783,0.557196085574008,0.421847254841218,0.513246466599538,0.641898212508438,0.422147111295393,3.097159952132
F2530,0.555791098815494,0.532027508279121,0.59033307381294,0.742194151415885,0.610577869954411,0.557173473789722,0.256633883735761,0.542159152859758,0.400148490676851,0.171891748711217,0.573648202682969
F1608,0.153359344012614,0.620405146772491,0.619205316725873,0.517403546293964,0.714029871192334,0.508334053979285,0.321279310908036,0.178661920451403,0.559839550136756,0.451243692431575,-0.872246183171269
F2303,0.638917437615165,0.62145753401677,0.753175535501299,0.618442120257074,0.775046657511459,0.258470025854442,0.371845298171162,0.525576711119884,0.851859166373991,0.528464149350153,-0.572218177637183
F2691,0.509548700641254,0.749111249537994,0.666245852287682,0.558307104014538,0.785652312108054,0.357286349789793,0.439643311317584,0.842695695257952,0.474837383688025,0.413878362883109,2.01427818622693
F347,0.289795959704561,0.623841909409219,0.501679096688209,0.574564590862594,0.456962712851878,0.545287017760011,0.41284781708902,0.590386299544909,0.722971657256486,0.498701265252473,-1.30894464341581
F616,0.504231571355854,0.695921848948925,0.459439131222867,0.841707052422521,0.809590250934434,0.410017180616774,0.46497618681801,0.457783708757406,0.612005922484168,0.266300879509608,1.40442409827917
F286,0.754659505441526,0.548050504347163,0.818275930074964,0.609385142627774,0.576793070393465,0.642081653623828,0.201954185233405,0.687900548534833,0.413885020842467,0.382031365783316,-0.968463571007544
F346,0.23971200976472,0.711525798154264,0.629162615550169,0.469174555427207,0.331719872477548,0.296355871728747,0.469144471844639,0.44194965838119,0.612036228438335,0.420022988271961,0.401607226168254
F685,0.240610689938944,0.768072656449205,0.508060756030485,0.371145934397583,0.699188436056402,0.723564898008815,0.661692415147719,0.610234956646444,0.46162389129655,0.456012543037528,0.298729468636782
F732,0.69348566700753,0.501945185507235,0.621962618776207,0.320185857824739,0.730748096309885,0.415492654407481,0.656134912028427,0.385095580196162,0.420189816603701,0.301934116822291,-0.0131614156126314
F163,0.334745703060924,0.73351078761954,0.684527360978804,0.429265026144946,0.183808795097062,0.308360077554811,0.437592384884248,0.268169967122118,0.764630473343345,0.332496604377325,1.9127297238528
F2114,0.195479182088492,0.366657563820121,0.496747810347896,0.500839588129354,0.570341021091811,0.628465651446055,0.368239946877885,0.486483795512519,0.770713981149187,0.441088319843999,-0.180712162451504
